"firstName","lastName","companyName","address","city","county","postal","phone1","phone2","email","web"
"Aleshia","Tomkiewicz","Alan D Rosenburg Cpa Pc","14 Taylor St","St. Stephens Ward","Kent","CT2 7PP","01835-703597","01944-369967","atomkiewicz@hotmail.com","http://www.alandrosenburgcpapc.co.uk"
"Evan","Zigomalas","Cap Gemini America","5 Binney St","Abbey Ward","Buckinghamshire","HP11 2AX","01937-864715","01714-737668","evan.zigomalas@gmail.com","http://www.capgeminiamerica.co.uk"
"France","Andrade","Elliott, John W Esq","8 Moor Place","East Southbourne and Tuckton W","Bournemouth","BH6 3BE","01347-368222","01935-821636","france.andrade@hotmail.com","http://www.elliottjohnwesq.co.uk"
"Ulysses","Mcwalters","Mcmahan, Ben L","505 Exeter Rd","Hawerby cum Beesby","Lincolnshire","DN36 5RP","01912-771311","01302-601380","ulysses@hotmail.com","http://www.mcmahanbenl.co.uk"
"Tyisha","Veness","Champagne Room","5396 Forth Street","Greets Green and Lyng Ward","West Midlands","B70 9DT","01547-429341","01290-367248","tyisha.veness@hotmail.com","http://www.champagneroom.co.uk"
"Eric","Rampy","Thompson, Michael C Esq","9472 Lind St","Desborough","Northamptonshire","NN14 2GH","01969-886290","01545-817375","erampy@rampy.co.uk","http://www.thompsonmichaelcesq.co.uk"
"Marg","Grasmick","Wrangle Hill Auto Auct & Slvg","7457 Cowl St #70","Bargate Ward","Southampton","SO14 3TY","01865-582516","01362-620532","marg@hotmail.com","http://www.wranglehillautoauctslvg.co.uk"
"Laquita","Hisaw","In Communications Inc","20 Gloucester Pl #96","Chirton Ward","Tyne & Wear","NE29 7AD","01746-394243","01590-982428","laquita@yahoo.com","http://www.incommunicationsinc.co.uk"
"Elsa","Delisle","Taos Valley Resort Assn","260 Saxon St","Brooklands Ward","Greater Manchester","M33 4BP","01537-525550","01204-471598","elsa_delisle@gmail.com","http://www.taosvalleyresortassn.co.uk"
"Linwood","Rosenlof","Exhibit Crafts Inc","3 Pyramid St","Eccleston Ward","Merseyside","WA10 3BW","01546-942059","01244-769346","linwood.rosenlof@yahoo.com","http://www.exhibitcraftsinc.co.uk"
"Meghan","Riherd","Kiqo Pure Gold Oldies 104 Fm","83 Denbigh St Bootle","St. Gluvias","Cornwall","TR3 7AZ","01462-474800","01650-129106","meghan@riherd.co.uk","http://www.kiqopuregoldoldiesfm.co.uk"
"Mike","Torner","Segall Majestic Inc","30 Aughton St","Hilton","Aberdeenshire","AB24 2RR","01240-600327","01408-918612","mike_torner@torner.co.uk","http://www.segallmajesticinc.co.uk"
"Mira","Alpheaus","East County Process","51 St Anne St #12","Stratfield Mortimer","Berkshire","RG7 3RA","01241-273991","01381-836777","mira.alpheaus@yahoo.com","http://www.eastcountyprocess.co.uk"
"Cathern","Ungar","Agopgee Enterprises Inc","823 Idris St","Selston","Nottinghamshire","NG16 5LG","01898-134749","01266-671305","cathern.ungar@ungar.co.uk","http://www.agopgeeenterprisesinc.co.uk"
"Leota","Fletchen","Rust Evader Corp","8880 Great Howard St #7750","Sefton","Merseyside","L29 7WD","01358-446391","01414-780251","lfletchen@gmail.com","http://www.rustevadercorp.co.uk"
"Berry","Gutoski","Budget Annex","9 Oakleigh","Lancing","West Sussex","BN15 9BN","01448-211489","01929-400879","berry@gmail.com","http://www.budgetannex.co.uk"
"Elbert","Drawe","Lovitch, Alan F","9 Cypress St","Washington East Ward","Tyne and Wear","NE38 9AQ","01753-784273","01496-526674","edrawe@drawe.co.uk","http://www.lovitchalanf.co.uk"
"Lenny","Gazzola","Wise Industries","6 Romilly St","Walkergate Ward","Tyne and Wear","NE6 4YH","01312-233253","01342-706893","lenny.gazzola@yahoo.com","http://www.wiseindustries.co.uk"
"Mira","Alpheaus","East County Process","51 St Anne St #12","Stratfield Mortimer","Berkshire","RG7 3RA","01241-273991","01381-836777","mira.alpheaus@yahoo.com","http://www.eastcountyprocess.co.uk"



